id,title,developer,complex,images,tags
golubaya_volna_gorizont_1,Голубая_Волна Горизонт 2-комнатная,golubaya_volna,gorizont,[],"{""price"": 23009854, ""rooms"": ""2-комнатная"", ""city"": ""Саки"", ""delivery"": ""2034"", ""area"": 69, ""sea-distance"": ""7 минут пешком"", ""type"": ""Апартаменты"", ""view"": ""На море боковой"", ""finishing"": ""Чистовая"", ""floor"": 7, ""payment"": ""Ипотека""}"
stroygrad_solnechnyy_bereg_2,Стройград Солнечный_Берег 4-комнатная,stroygrad,solnechnyy_bereg,[],"{""price"": 10485711, ""rooms"": ""4-комнатная"", ""city"": ""Саки"", ""delivery"": ""2029"", ""area"": 159, ""sea-distance"": ""16 минут пешком"", ""type"": ""Квартира"", ""view"": ""Во двор"", ""finishing"": ""С мебелью и техникой"", ""floor"": 7, ""payment"": ""Наличные""}"
stroygrad_rayskiy_ugolok_3,Стройград Райский_Уголок 4-комнатная,stroygrad,rayskiy_ugolok,[],"{""price"": 4832545, ""rooms"": ""4-комнатная"", ""city"": ""Саки"", ""delivery"": ""2033"", ""area"": 87, ""sea-distance"": ""7 минут пешком"", ""type"": ""Апартаменты"", ""view"": ""На море боковой"", ""finishing"": ""Подчистовая"", ""floor"": 1, ""payment"": ""Ипотека""}"
krymskaya_rivera_morskaya_zvezda_4,Крымская_ривьера Морская_Звезда 1-комнатная,krymskaya_rivera,morskaya_zvezda,[],"{""price"": 20010968, ""rooms"": ""1-комнатная"", ""city"": ""Саки"", ""delivery"": ""2026"", ""area"": 158, ""sea-distance"": ""6 минут пешком"", ""type"": ""Апартаменты"", ""view"": ""На море прямой"", ""finishing"": ""С мебелью и техникой"", ""floor"": 1, ""payment"": ""Рассрочка""}"
lsr_oazis_5,ЛСР Оазис 1-комнатная,lsr,oazis,[],"{""price"": 17758221, ""rooms"": ""1-комнатная"", ""city"": ""Саки"", ""delivery"": ""2034"", ""area"": 78, ""sea-distance"": ""14 минут пешком"", ""type"": ""Квартира"", ""view"": ""На горы"", ""finishing"": ""С мебелью и техникой"", ""floor"": 10, ""payment"": ""Ипотека""}"
lsr_gorizont_6,ЛСР Горизонт 4-комнатная,lsr,gorizont,[],"{""price"": 18926404, ""rooms"": ""4-комнатная"", ""city"": ""Ялта"", ""delivery"": ""2028"", ""area"": 177, ""sea-distance"": ""10 минут пешком"", ""type"": ""Квартира"", ""view"": ""На море прямой"", ""finishing"": ""Подчистовая"", ""floor"": 18, ""payment"": ""Рассрочка""}"
yuzhnyy_bereg_oazis_7,Южный_берег Оазис 2-комнатная,yuzhnyy_bereg,oazis,[],"{""price"": 22994979, ""rooms"": ""2-комнатная"", ""city"": ""Алушта"", ""delivery"": ""2029"", ""area"": 55, ""sea-distance"": ""16 минут пешком"", ""type"": ""Апартаменты"", ""view"": ""На море прямой"", ""finishing"": ""С мебелью и техникой"", ""floor"": 16, ""payment"": ""Наличные""}"
lsr_rayskiy_ugolok_8,ЛСР Райский_Уголок 3-комнатная,lsr,rayskiy_ugolok,[],"{""price"": 7648872, ""rooms"": ""3-комнатная"", ""city"": ""Бирдидонск"", ""delivery"": ""2034"", ""area"": 33, ""sea-distance"": ""26 минут пешком"", ""type"": ""Апартаменты"", ""view"": ""На море прямой"", ""finishing"": ""Подчистовая"", ""floor"": 5, ""payment"": ""Наличные""}"
stroygrad_solnechnyy_bereg_9,Стройград Солнечный_Берег 1-комнатная,stroygrad,solnechnyy_bereg,[],"{""price"": 24567876, ""rooms"": ""1-комнатная"", ""city"": ""Бирдидонск"", ""delivery"": ""сдан"", ""area"": 38, ""sea-distance"": ""22 минут пешком"", ""type"": ""Апартаменты"", ""view"": ""На море прямой"", ""finishing"": ""Без отделки"", ""floor"": 7, ""payment"": ""Наличные""}"
stroygrad_solnechnyy_bereg_10,Стройград Солнечный_Берег 2-комнатная,stroygrad,solnechnyy_bereg,[],"{""price"": 12357569, ""rooms"": ""2-комнатная"", ""city"": ""Ялта"", ""delivery"": ""2029"", ""area"": 86, ""sea-distance"": ""17 минут пешком"", ""type"": ""Квартира"", ""view"": ""Во двор"", ""finishing"": ""Подчистовая"", ""floor"": 5, ""payment"": ""Рассрочка""}"
stroygrad_rayskiy_ugolok_11,Стройград Райский_Уголок 4-комнатная,stroygrad,rayskiy_ugolok,[],"{""price"": 10322376, ""rooms"": ""4-комнатная"", ""city"": ""Саки"", ""delivery"": ""2029"", ""area"": 162, ""sea-distance"": ""23 минут пешком"", ""type"": ""Апартаменты"", ""view"": ""На море прямой"", ""finishing"": ""С мебелью и техникой"", ""floor"": 5, ""payment"": ""Рассрочка""}"
lsr_oazis_12,ЛСР Оазис 4-комнатная,lsr,oazis,[],"{""price"": 23413838, ""rooms"": ""4-комнатная"", ""city"": ""Саки"", ""delivery"": ""2028"", ""area"": 80, ""sea-distance"": ""5 минут пешком"", ""type"": ""Апартаменты"", ""view"": ""На море прямой"", ""finishing"": ""Без отделки"", ""floor"": 9, ""payment"": ""Ипотека""}"
yuzhnyy_bereg_rayskiy_ugolok_13,Южный_берег Райский_Уголок 2-комнатная,yuzhnyy_bereg,rayskiy_ugolok,[],"{""price"": 8657745, ""rooms"": ""2-комнатная"", ""city"": ""Саки"", ""delivery"": ""2025"", ""area"": 85, ""sea-distance"": ""20 минут пешком"", ""type"": ""Апартаменты"", ""view"": ""На море боковой"", ""finishing"": ""С мебелью и техникой"", ""floor"": 6, ""payment"": ""Рассрочка""}"
golubaya_volna_morskaya_zvezda_14,Голубая_Волна Морская_Звезда 2-комнатная,golubaya_volna,morskaya_zvezda,[],"{""price"": 9239187, ""rooms"": ""2-комнатная"", ""city"": ""Саки"", ""delivery"": ""2033"", ""area"": 61, ""sea-distance"": ""12 минут пешком"", ""type"": ""Квартира"", ""view"": ""На горы"", ""finishing"": ""Без отделки"", ""floor"": 5, ""payment"": ""Рассрочка""}"
lsr_oazis_15,ЛСР Оазис 4-комнатная,lsr,oazis,[],"{""price"": 22552847, ""rooms"": ""4-комнатная"", ""city"": ""Бирдидонск"", ""delivery"": ""2027"", ""area"": 66, ""sea-distance"": ""20 минут пешком"", ""type"": ""Квартира"", ""view"": ""На горы"", ""finishing"": ""С мебелью и техникой"", ""floor"": 17, ""payment"": ""Рассрочка""}"
yuzhnyy_bereg_oazis_16,Южный_берег Оазис 2-комнатная,yuzhnyy_bereg,oazis,[],"{""price"": 10612574, ""rooms"": ""2-комнатная"", ""city"": ""Саки"", ""delivery"": ""2034"", ""area"": 84, ""sea-distance"": ""27 минут пешком"", ""type"": ""Квартира"", ""view"": ""Во двор"", ""finishing"": ""Подчистовая"", ""floor"": 15, ""payment"": ""Наличные""}"
lsr_morskaya_zvezda_17,ЛСР Морская_Звезда 2-комнатная,lsr,morskaya_zvezda,[],"{""price"": 18270384, ""rooms"": ""2-комнатная"", ""city"": ""Бирдидонск"", ""delivery"": ""2034"", ""area"": 133, ""sea-distance"": ""21 минут пешком"", ""type"": ""Квартира"", ""view"": ""На море боковой"", ""finishing"": ""С мебелью и техникой"", ""floor"": 10, ""payment"": ""Рассрочка""}"
yuzhnyy_bereg_oazis_18,Южный_берег Оазис 2-комнатная,yuzhnyy_bereg,oazis,[],"{""price"": 18997338, ""rooms"": ""2-комнатная"", ""city"": ""Алушта"", ""delivery"": ""2031"", ""area"": 101, ""sea-distance"": ""14 минут пешком"", ""type"": ""Квартира"", ""view"": ""На море боковой"", ""finishing"": ""С мебелью и техникой"", ""floor"": 4, ""payment"": ""Ипотека""}"
krymskaya_rivera_solnechnyy_bereg_19,Крымская_ривьера Солнечный_Берег 4-комнатная,krymskaya_rivera,solnechnyy_bereg,[],"{""price"": 22995726, ""rooms"": ""4-комнатная"", ""city"": ""Алушта"", ""delivery"": ""2027"", ""area"": 32, ""sea-distance"": ""10 минут пешком"", ""type"": ""Апартаменты"", ""view"": ""На море прямой"", ""finishing"": ""Подчистовая"", ""floor"": 15, ""payment"": ""Рассрочка""}"
stroygrad_rayskiy_ugolok_20,Стройград Райский_Уголок 1-комнатная,stroygrad,rayskiy_ugolok,[],"{""price"": 14684108, ""rooms"": ""1-комнатная"", ""city"": ""Саки"", ""delivery"": ""2029"", ""area"": 144, ""sea-distance"": ""9 минут пешком"", ""type"": ""Квартира"", ""view"": ""Во двор"", ""finishing"": ""С мебелью и техникой"", ""floor"": 3, ""payment"": ""Наличные""}"
stroygrad_solnechnyy_bereg_21,Стройград Солнечный_Берег 2-комнатная,stroygrad,solnechnyy_bereg,[],"{""price"": 7004912, ""rooms"": ""2-комнатная"", ""city"": ""Ялта"", ""delivery"": ""2035"", ""area"": 159, ""sea-distance"": ""9 минут пешком"", ""type"": ""Квартира"", ""view"": ""Во двор"", ""finishing"": ""С мебелью и техникой"", ""floor"": 7, ""payment"": ""Рассрочка""}"
lsr_oazis_22,ЛСР Оазис 1-комнатная,lsr,oazis,[],"{""price"": 14321421, ""rooms"": ""1-комнатная"", ""city"": ""Бирдидонск"", ""delivery"": ""2030"", ""area"": 32, ""sea-distance"": ""24 минут пешком"", ""type"": ""Квартира"", ""view"": ""Во двор"", ""finishing"": ""С мебелью и техникой"", ""floor"": 2, ""payment"": ""Ипотека""}"
stroygrad_oazis_23,Стройград Оазис 2-комнатная,stroygrad,oazis,[],"{""price"": 22803612, ""rooms"": ""2-комнатная"", ""city"": ""Алушта"", ""delivery"": ""2034"", ""area"": 173, ""sea-distance"": ""26 минут пешком"", ""type"": ""Квартира"", ""view"": ""Во двор"", ""finishing"": ""Подчистовая"", ""floor"": 10, ""payment"": ""Наличные""}"
stroygrad_solnechnyy_bereg_24,Стройград Солнечный_Берег 4-комнатная,stroygrad,solnechnyy_bereg,[],"{""price"": 22770185, ""rooms"": ""4-комнатная"", ""city"": ""Бирдидонск"", ""delivery"": ""2034"", ""area"": 61, ""sea-distance"": ""10 минут пешком"", ""type"": ""Апартаменты"", ""view"": ""На море боковой"", ""finishing"": ""Чистовая"", ""floor"": 17, ""payment"": ""Рассрочка""}"
yuzhnyy_bereg_solnechnyy_bereg_25,Южный_берег Солнечный_Берег 2-комнатная,yuzhnyy_bereg,solnechnyy_bereg,[],"{""price"": 19205706, ""rooms"": ""2-комнатная"", ""city"": ""Бирдидонск"", ""delivery"": ""2025"", ""area"": 48, ""sea-distance"": ""7 минут пешком"", ""type"": ""Апартаменты"", ""view"": ""На горы"", ""finishing"": ""С мебелью и техникой"", ""floor"": 15, ""payment"": ""Рассрочка""}"
yuzhnyy_bereg_morskaya_zvezda_26,Южный_берег Морская_Звезда 4-комнатная,yuzhnyy_bereg,morskaya_zvezda,[],"{""price"": 18798281, ""rooms"": ""4-комнатная"", ""city"": ""Саки"", ""delivery"": ""2026"", ""area"": 141, ""sea-distance"": ""8 минут пешком"", ""type"": ""Квартира"", ""view"": ""На море прямой"", ""finishing"": ""С мебелью и техникой"", ""floor"": 3, ""payment"": ""Рассрочка""}"
krymskaya_rivera_solnechnyy_bereg_27,Крымская_ривьера Солнечный_Берег 3-комнатная,krymskaya_rivera,solnechnyy_bereg,[],"{""price"": 9161338, ""rooms"": ""3-комнатная"", ""city"": ""Ялта"", ""delivery"": ""2035"", ""area"": 43, ""sea-distance"": ""22 минут пешком"", ""type"": ""Апартаменты"", ""view"": ""На море боковой"", ""finishing"": ""С мебелью и техникой"", ""floor"": 12, ""payment"": ""Наличные""}"
lsr_rayskiy_ugolok_28,ЛСР Райский_Уголок 1-комнатная,lsr,rayskiy_ugolok,[],"{""price"": 9101004, ""rooms"": ""1-комнатная"", ""city"": ""Бирдидонск"", ""delivery"": ""2025"", ""area"": 148, ""sea-distance"": ""24 минут пешком"", ""type"": ""Квартира"", ""view"": ""Во двор"", ""finishing"": ""С мебелью и техникой"", ""floor"": 5, ""payment"": ""Ипотека""}"
stroygrad_morskaya_zvezda_29,Стройград Морская_Звезда 4-комнатная,stroygrad,morskaya_zvezda,[],"{""price"": 17663394, ""rooms"": ""4-комнатная"", ""city"": ""Алушта"", ""delivery"": ""2032"", ""area"": 169, ""sea-distance"": ""8 минут пешком"", ""type"": ""Квартира"", ""view"": ""На море боковой"", ""finishing"": ""Подчистовая"", ""floor"": 10, ""payment"": ""Наличные""}"
golubaya_volna_oazis_30,Голубая_Волна Оазис 3-комнатная,golubaya_volna,oazis,[],"{""price"": 23957691, ""rooms"": ""3-комнатная"", ""city"": ""Бирдидонск"", ""delivery"": ""2030"", ""area"": 65, ""sea-distance"": ""12 минут пешком"", ""type"": ""Апартаменты"", ""view"": ""На горы"", ""finishing"": ""Подчистовая"", ""floor"": 16, ""payment"": ""Ипотека""}"
golubaya_volna_solnechnyy_bereg_31,Голубая_Волна Солнечный_Берег 4-комнатная,golubaya_volna,solnechnyy_bereg,[],"{""price"": 14470227, ""rooms"": ""4-комнатная"", ""city"": ""Ялта"", ""delivery"": ""2025"", ""area"": 158, ""sea-distance"": ""11 минут пешком"", ""type"": ""Апартаменты"", ""view"": ""На горы"", ""finishing"": ""Без отделки"", ""floor"": 13, ""payment"": ""Ипотека""}"
yuzhnyy_bereg_rayskiy_ugolok_32,Южный_берег Райский_Уголок 1-комнатная,yuzhnyy_bereg,rayskiy_ugolok,[],"{""price"": 8009209, ""rooms"": ""1-комнатная"", ""city"": ""Саки"", ""delivery"": ""2026"", ""area"": 126, ""sea-distance"": ""7 минут пешком"", ""type"": ""Апартаменты"", ""view"": ""На горы"", ""finishing"": ""Подчистовая"", ""floor"": 9, ""payment"": ""Рассрочка""}"
stroygrad_oazis_33,Стройград Оазис 2-комнатная,stroygrad,oazis,[],"{""price"": 5844908, ""rooms"": ""2-комнатная"", ""city"": ""Алушта"", ""delivery"": ""2030"", ""area"": 125, ""sea-distance"": ""18 минут пешком"", ""type"": ""Апартаменты"", ""view"": ""На море боковой"", ""finishing"": ""Без отделки"", ""floor"": 10, ""payment"": ""Наличные""}"
lsr_solnechnyy_bereg_34,ЛСР Солнечный_Берег 2-комнатная,lsr,solnechnyy_bereg,[],"{""price"": 8526561, ""rooms"": ""2-комнатная"", ""city"": ""Бирдидонск"", ""delivery"": ""2027"", ""area"": 175, ""sea-distance"": ""13 минут пешком"", ""type"": ""Апартаменты"", ""view"": ""На море боковой"", ""finishing"": ""Без отделки"", ""floor"": 12, ""payment"": ""Ипотека""}"
krymskaya_rivera_oazis_35,Крымская_ривьера Оазис 1-комнатная,krymskaya_rivera,oazis,[],"{""price"": 13544072, ""rooms"": ""1-комнатная"", ""city"": ""Бирдидонск"", ""delivery"": ""2030"", ""area"": 84, ""sea-distance"": ""13 минут пешком"", ""type"": ""Апартаменты"", ""view"": ""На море прямой"", ""finishing"": ""Чистовая"", ""floor"": 5, ""payment"": ""Рассрочка""}"
lsr_solnechnyy_bereg_36,ЛСР Солнечный_Берег 1-комнатная,lsr,solnechnyy_bereg,[],"{""price"": 20388545, ""rooms"": ""1-комнатная"", ""city"": ""Ялта"", ""delivery"": ""2035"", ""area"": 170, ""sea-distance"": ""12 минут пешком"", ""type"": ""Апартаменты"", ""view"": ""На море боковой"", ""finishing"": ""Без отделки"", ""floor"": 16, ""payment"": ""Ипотека""}"
stroygrad_morskaya_zvezda_37,Стройград Морская_Звезда 3-комнатная,stroygrad,morskaya_zvezda,[],"{""price"": 18622073, ""rooms"": ""3-комнатная"", ""city"": ""Алушта"", ""delivery"": ""2035"", ""area"": 59, ""sea-distance"": ""13 минут пешком"", ""type"": ""Апартаменты"", ""view"": ""Во двор"", ""finishing"": ""Подчистовая"", ""floor"": 15, ""payment"": ""Наличные""}"
lsr_oazis_38,ЛСР Оазис 3-комнатная,lsr,oazis,[],"{""price"": 9960234, ""rooms"": ""3-комнатная"", ""city"": ""Ялта"", ""delivery"": ""2031"", ""area"": 25, ""sea-distance"": ""29 минут пешком"", ""type"": ""Апартаменты"", ""view"": ""На горы"", ""finishing"": ""Чистовая"", ""floor"": 10, ""payment"": ""Ипотека""}"
krymskaya_rivera_rayskiy_ugolok_39,Крымская_ривьера Райский_Уголок 3-комнатная,krymskaya_rivera,rayskiy_ugolok,[],"{""price"": 20509740, ""rooms"": ""3-комнатная"", ""city"": ""Саки"", ""delivery"": ""2031"", ""area"": 121, ""sea-distance"": ""22 минут пешком"", ""type"": ""Апартаменты"", ""view"": ""На море боковой"", ""finishing"": ""Чистовая"", ""floor"": 11, ""payment"": ""Рассрочка""}"
lsr_oazis_40,ЛСР Оазис 1-комнатная,lsr,oazis,[],"{""price"": 13196806, ""rooms"": ""1-комнатная"", ""city"": ""Саки"", ""delivery"": ""2027"", ""area"": 65, ""sea-distance"": ""20 минут пешком"", ""type"": ""Квартира"", ""view"": ""Во двор"", ""finishing"": ""Без отделки"", ""floor"": 8, ""payment"": ""Ипотека""}"
yuzhnyy_bereg_gorizont_41,Южный_берег Горизонт 4-комнатная,yuzhnyy_bereg,gorizont,[],"{""price"": 14946646, ""rooms"": ""4-комнатная"", ""city"": ""Бирдидонск"", ""delivery"": ""2032"", ""area"": 160, ""sea-distance"": ""5 минут пешком"", ""type"": ""Квартира"", ""view"": ""На море прямой"", ""finishing"": ""Без отделки"", ""floor"": 7, ""payment"": ""Ипотека""}"
yuzhnyy_bereg_solnechnyy_bereg_42,Южный_берег Солнечный_Берег 2-комнатная,yuzhnyy_bereg,solnechnyy_bereg,[],"{""price"": 8320818, ""rooms"": ""2-комнатная"", ""city"": ""Саки"", ""delivery"": ""2026"", ""area"": 172, ""sea-distance"": ""7 минут пешком"", ""type"": ""Квартира"", ""view"": ""На горы"", ""finishing"": ""С мебелью и техникой"", ""floor"": 5, ""payment"": ""Ипотека""}"
yuzhnyy_bereg_rayskiy_ugolok_43,Южный_берег Райский_Уголок 1-комнатная,yuzhnyy_bereg,rayskiy_ugolok,[],"{""price"": 13618975, ""rooms"": ""1-комнатная"", ""city"": ""Ялта"", ""delivery"": ""2030"", ""area"": 72, ""sea-distance"": ""20 минут пешком"", ""type"": ""Квартира"", ""view"": ""Во двор"", ""finishing"": ""Подчистовая"", ""floor"": 17, ""payment"": ""Наличные""}"
golubaya_volna_rayskiy_ugolok_44,Голубая_Волна Райский_Уголок 3-комнатная,golubaya_volna,rayskiy_ugolok,[],"{""price"": 15884038, ""rooms"": ""3-комнатная"", ""city"": ""Саки"", ""delivery"": ""2030"", ""area"": 164, ""sea-distance"": ""8 минут пешком"", ""type"": ""Апартаменты"", ""view"": ""На горы"", ""finishing"": ""Чистовая"", ""floor"": 5, ""payment"": ""Ипотека""}"
krymskaya_rivera_oazis_45,Крымская_ривьера Оазис 2-комнатная,krymskaya_rivera,oazis,[],"{""price"": 22461618, ""rooms"": ""2-комнатная"", ""city"": ""Бирдидонск"", ""delivery"": ""2032"", ""area"": 58, ""sea-distance"": ""10 минут пешком"", ""type"": ""Квартира"", ""view"": ""На море прямой"", ""finishing"": ""Подчистовая"", ""floor"": 4, ""payment"": ""Наличные""}"
stroygrad_morskaya_zvezda_46,Стройград Морская_Звезда 3-комнатная,stroygrad,morskaya_zvezda,[],"{""price"": 16030332, ""rooms"": ""3-комнатная"", ""city"": ""Ялта"", ""delivery"": ""2029"", ""area"": 169, ""sea-distance"": ""17 минут пешком"", ""type"": ""Апартаменты"", ""view"": ""На море прямой"", ""finishing"": ""С мебелью и техникой"", ""floor"": 1, ""payment"": ""Наличные""}"
golubaya_volna_rayskiy_ugolok_47,Голубая_Волна Райский_Уголок 4-комнатная,golubaya_volna,rayskiy_ugolok,[],"{""price"": 18355877, ""rooms"": ""4-комнатная"", ""city"": ""Ялта"", ""delivery"": ""сдан"", ""area"": 76, ""sea-distance"": ""8 минут пешком"", ""type"": ""Квартира"", ""view"": ""На море боковой"", ""finishing"": ""Без отделки"", ""floor"": 13, ""payment"": ""Наличные""}"
yuzhnyy_bereg_solnechnyy_bereg_48,Южный_берег Солнечный_Берег 1-комнатная,yuzhnyy_bereg,solnechnyy_bereg,[],"{""price"": 24601947, ""rooms"": ""1-комнатная"", ""city"": ""Саки"", ""delivery"": ""2032"", ""area"": 101, ""sea-distance"": ""13 минут пешком"", ""type"": ""Апартаменты"", ""view"": ""Во двор"", ""finishing"": ""Без отделки"", ""floor"": 1, ""payment"": ""Наличные""}"
stroygrad_oazis_49,Стройград Оазис 3-комнатная,stroygrad,oazis,[],"{""price"": 6456941, ""rooms"": ""3-комнатная"", ""city"": ""Алушта"", ""delivery"": ""2028"", ""area"": 59, ""sea-distance"": ""23 минут пешком"", ""type"": ""Квартира"", ""view"": ""На море боковой"", ""finishing"": ""Чистовая"", ""floor"": 16, ""payment"": ""Ипотека""}"
krymskaya_rivera_morskaya_zvezda_50,Крымская_ривьера Морская_Звезда 3-комнатная,krymskaya_rivera,morskaya_zvezda,[],"{""price"": 24112316, ""rooms"": ""3-комнатная"", ""city"": ""Ялта"", ""delivery"": ""2025"", ""area"": 146, ""sea-distance"": ""12 минут пешком"", ""type"": ""Квартира"", ""view"": ""Во двор"", ""finishing"": ""Без отделки"", ""floor"": 18, ""payment"": ""Наличные""}"
yuzhnyy_bereg_solnechnyy_bereg_51,Южный_берег Солнечный_Берег 3-комнатная,yuzhnyy_bereg,solnechnyy_bereg,[],"{""price"": 14861980, ""rooms"": ""3-комнатная"", ""city"": ""Алушта"", ""delivery"": ""2035"", ""area"": 144, ""sea-distance"": ""5 минут пешком"", ""type"": ""Квартира"", ""view"": ""На море боковой"", ""finishing"": ""Без отделки"", ""floor"": 10, ""payment"": ""Наличные""}"
lsr_gorizont_52,ЛСР Горизонт 1-комнатная,lsr,gorizont,[],"{""price"": 17316314, ""rooms"": ""1-комнатная"", ""city"": ""Ялта"", ""delivery"": ""2027"", ""area"": 69, ""sea-distance"": ""29 минут пешком"", ""type"": ""Апартаменты"", ""view"": ""На море боковой"", ""finishing"": ""Без отделки"", ""floor"": 3, ""payment"": ""Рассрочка""}"
krymskaya_rivera_oazis_53,Крымская_ривьера Оазис 1-комнатная,krymskaya_rivera,oazis,[],"{""price"": 10549542, ""rooms"": ""1-комнатная"", ""city"": ""Ялта"", ""delivery"": ""2028"", ""area"": 120, ""sea-distance"": ""13 минут пешком"", ""type"": ""Квартира"", ""view"": ""Во двор"", ""finishing"": ""Подчистовая"", ""floor"": 16, ""payment"": ""Ипотека""}"
stroygrad_rayskiy_ugolok_54,Стройград Райский_Уголок 3-комнатная,stroygrad,rayskiy_ugolok,[],"{""price"": 4584561, ""rooms"": ""3-комнатная"", ""city"": ""Ялта"", ""delivery"": ""2025"", ""area"": 76, ""sea-distance"": ""8 минут пешком"", ""type"": ""Квартира"", ""view"": ""На море боковой"", ""finishing"": ""С мебелью и техникой"", ""floor"": 15, ""payment"": ""Ипотека""}"
krymskaya_rivera_rayskiy_ugolok_55,Крымская_ривьера Райский_Уголок 2-комнатная,krymskaya_rivera,rayskiy_ugolok,[],"{""price"": 20231781, ""rooms"": ""2-комнатная"", ""city"": ""Бирдидонск"", ""delivery"": ""2030"", ""area"": 117, ""sea-distance"": ""14 минут пешком"", ""type"": ""Апартаменты"", ""view"": ""На море прямой"", ""finishing"": ""Подчистовая"", ""floor"": 6, ""payment"": ""Рассрочка""}"
krymskaya_rivera_oazis_56,Крымская_ривьера Оазис 2-комнатная,krymskaya_rivera,oazis,[],"{""price"": 13248726, ""rooms"": ""2-комнатная"", ""city"": ""Ялта"", ""delivery"": ""2029"", ""area"": 61, ""sea-distance"": ""6 минут пешком"", ""type"": ""Квартира"", ""view"": ""На море боковой"", ""finishing"": ""Подчистовая"", ""floor"": 11, ""payment"": ""Рассрочка""}"
lsr_morskaya_zvezda_57,ЛСР Морская_Звезда 4-комнатная,lsr,morskaya_zvezda,[],"{""price"": 21178255, ""rooms"": ""4-комнатная"", ""city"": ""Ялта"", ""delivery"": ""2035"", ""area"": 86, ""sea-distance"": ""28 минут пешком"", ""type"": ""Апартаменты"", ""view"": ""Во двор"", ""finishing"": ""Без отделки"", ""floor"": 5, ""payment"": ""Наличные""}"
stroygrad_rayskiy_ugolok_58,Стройград Райский_Уголок 4-комнатная,stroygrad,rayskiy_ugolok,[],"{""price"": 6514046, ""rooms"": ""4-комнатная"", ""city"": ""Саки"", ""delivery"": ""2027"", ""area"": 174, ""sea-distance"": ""19 минут пешком"", ""type"": ""Квартира"", ""view"": ""На море прямой"", ""finishing"": ""Подчистовая"", ""floor"": 12, ""payment"": ""Наличные""}"
stroygrad_solnechnyy_bereg_59,Стройград Солнечный_Берег 2-комнатная,stroygrad,solnechnyy_bereg,[],"{""price"": 24952843, ""rooms"": ""2-комнатная"", ""city"": ""Саки"", ""delivery"": ""2035"", ""area"": 159, ""sea-distance"": ""13 минут пешком"", ""type"": ""Квартира"", ""view"": ""На море прямой"", ""finishing"": ""Чистовая"", ""floor"": 18, ""payment"": ""Наличные""}"
yuzhnyy_bereg_oazis_60,Южный_берег Оазис 2-комнатная,yuzhnyy_bereg,oazis,[],"{""price"": 18658182, ""rooms"": ""2-комнатная"", ""city"": ""Ялта"", ""delivery"": ""2033"", ""area"": 153, ""sea-distance"": ""26 минут пешком"", ""type"": ""Апартаменты"", ""view"": ""На море прямой"", ""finishing"": ""Подчистовая"", ""floor"": 11, ""payment"": ""Наличные""}"
stroygrad_gorizont_61,Стройград Горизонт 2-комнатная,stroygrad,gorizont,[],"{""price"": 8277080, ""rooms"": ""2-комнатная"", ""city"": ""Ялта"", ""delivery"": ""2034"", ""area"": 63, ""sea-distance"": ""30 минут пешком"", ""type"": ""Апартаменты"", ""view"": ""На горы"", ""finishing"": ""Подчистовая"", ""floor"": 11, ""payment"": ""Наличные""}"
yuzhnyy_bereg_rayskiy_ugolok_62,Южный_берег Райский_Уголок 1-комнатная,yuzhnyy_bereg,rayskiy_ugolok,[],"{""price"": 4060734, ""rooms"": ""1-комнатная"", ""city"": ""Бирдидонск"", ""delivery"": ""2032"", ""area"": 144, ""sea-distance"": ""10 минут пешком"", ""type"": ""Апартаменты"", ""view"": ""На горы"", ""finishing"": ""Подчистовая"", ""floor"": 2, ""payment"": ""Рассрочка""}"
krymskaya_rivera_solnechnyy_bereg_63,Крымская_ривьера Солнечный_Берег 4-комнатная,krymskaya_rivera,solnechnyy_bereg,[],"{""price"": 20690332, ""rooms"": ""4-комнатная"", ""city"": ""Саки"", ""delivery"": ""сдан"", ""area"": 154, ""sea-distance"": ""13 минут пешком"", ""type"": ""Апартаменты"", ""view"": ""На море боковой"", ""finishing"": ""Чистовая"", ""floor"": 15, ""payment"": ""Рассрочка""}"
lsr_oazis_64,ЛСР Оазис 2-комнатная,lsr,oazis,[],"{""price"": 14455204, ""rooms"": ""2-комнатная"", ""city"": ""Бирдидонск"", ""delivery"": ""сдан"", ""area"": 35, ""sea-distance"": ""5 минут пешком"", ""type"": ""Квартира"", ""view"": ""На море боковой"", ""finishing"": ""Без отделки"", ""floor"": 12, ""payment"": ""Ипотека""}"
lsr_rayskiy_ugolok_65,ЛСР Райский_Уголок 1-комнатная,lsr,rayskiy_ugolok,[],"{""price"": 4874422, ""rooms"": ""1-комнатная"", ""city"": ""Саки"", ""delivery"": ""2030"", ""area"": 172, ""sea-distance"": ""6 минут пешком"", ""type"": ""Апартаменты"", ""view"": ""Во двор"", ""finishing"": ""Без отделки"", ""floor"": 17, ""payment"": ""Рассрочка""}"
golubaya_volna_rayskiy_ugolok_66,Голубая_Волна Райский_Уголок 2-комнатная,golubaya_volna,rayskiy_ugolok,[],"{""price"": 14214195, ""rooms"": ""2-комнатная"", ""city"": ""Алушта"", ""delivery"": ""2029"", ""area"": 63, ""sea-distance"": ""18 минут пешком"", ""type"": ""Квартира"", ""view"": ""Во двор"", ""finishing"": ""Подчистовая"", ""floor"": 7, ""payment"": ""Наличные""}"
yuzhnyy_bereg_solnechnyy_bereg_67,Южный_берег Солнечный_Берег 4-комнатная,yuzhnyy_bereg,solnechnyy_bereg,[],"{""price"": 4292215, ""rooms"": ""4-комнатная"", ""city"": ""Бирдидонск"", ""delivery"": ""2029"", ""area"": 119, ""sea-distance"": ""23 минут пешком"", ""type"": ""Апартаменты"", ""view"": ""Во двор"", ""finishing"": ""Чистовая"", ""floor"": 7, ""payment"": ""Рассрочка""}"
stroygrad_solnechnyy_bereg_68,Стройград Солнечный_Берег 1-комнатная,stroygrad,solnechnyy_bereg,[],"{""price"": 16454663, ""rooms"": ""1-комнатная"", ""city"": ""Саки"", ""delivery"": ""2028"", ""area"": 101, ""sea-distance"": ""25 минут пешком"", ""type"": ""Квартира"", ""view"": ""Во двор"", ""finishing"": ""С мебелью и техникой"", ""floor"": 4, ""payment"": ""Наличные""}"
lsr_morskaya_zvezda_69,ЛСР Морская_Звезда 2-комнатная,lsr,morskaya_zvezda,[],"{""price"": 8961339, ""rooms"": ""2-комнатная"", ""city"": ""Саки"", ""delivery"": ""2029"", ""area"": 75, ""sea-distance"": ""19 минут пешком"", ""type"": ""Квартира"", ""view"": ""На горы"", ""finishing"": ""С мебелью и техникой"", ""floor"": 1, ""payment"": ""Ипотека""}"
yuzhnyy_bereg_rayskiy_ugolok_70,Южный_берег Райский_Уголок 1-комнатная,yuzhnyy_bereg,rayskiy_ugolok,[],"{""price"": 6226763, ""rooms"": ""1-комнатная"", ""city"": ""Алушта"", ""delivery"": ""2031"", ""area"": 121, ""sea-distance"": ""15 минут пешком"", ""type"": ""Квартира"", ""view"": ""Во двор"", ""finishing"": ""Чистовая"", ""floor"": 1, ""payment"": ""Рассрочка""}"
stroygrad_gorizont_71,Стройград Горизонт 2-комнатная,stroygrad,gorizont,[],"{""price"": 6696033, ""rooms"": ""2-комнатная"", ""city"": ""Ялта"", ""delivery"": ""2032"", ""area"": 42, ""sea-distance"": ""7 минут пешком"", ""type"": ""Апартаменты"", ""view"": ""На море боковой"", ""finishing"": ""Подчистовая"", ""floor"": 3, ""payment"": ""Ипотека""}"
yuzhnyy_bereg_morskaya_zvezda_72,Южный_берег Морская_Звезда 4-комнатная,yuzhnyy_bereg,morskaya_zvezda,[],"{""price"": 13333825, ""rooms"": ""4-комнатная"", ""city"": ""Бирдидонск"", ""delivery"": ""2027"", ""area"": 135, ""sea-distance"": ""15 минут пешком"", ""type"": ""Апартаменты"", ""view"": ""На море прямой"", ""finishing"": ""Подчистовая"", ""floor"": 5, ""payment"": ""Рассрочка""}"
golubaya_volna_solnechnyy_bereg_73,Голубая_Волна Солнечный_Берег 4-комнатная,golubaya_volna,solnechnyy_bereg,[],"{""price"": 11691114, ""rooms"": ""4-комнатная"", ""city"": ""Саки"", ""delivery"": ""2033"", ""area"": 124, ""sea-distance"": ""6 минут пешком"", ""type"": ""Квартира"", ""view"": ""На море боковой"", ""finishing"": ""Без отделки"", ""floor"": 18, ""payment"": ""Ипотека""}"
golubaya_volna_oazis_74,Голубая_Волна Оазис 2-комнатная,golubaya_volna,oazis,[],"{""price"": 17912752, ""rooms"": ""2-комнатная"", ""city"": ""Ялта"", ""delivery"": ""2029"", ""area"": 97, ""sea-distance"": ""18 минут пешком"", ""type"": ""Апартаменты"", ""view"": ""Во двор"", ""finishing"": ""С мебелью и техникой"", ""floor"": 11, ""payment"": ""Наличные""}"
stroygrad_morskaya_zvezda_75,Стройград Морская_Звезда 1-комнатная,stroygrad,morskaya_zvezda,[],"{""price"": 22545994, ""rooms"": ""1-комнатная"", ""city"": ""Ялта"", ""delivery"": ""2026"", ""area"": 80, ""sea-distance"": ""28 минут пешком"", ""type"": ""Квартира"", ""view"": ""На горы"", ""finishing"": ""Подчистовая"", ""floor"": 5, ""payment"": ""Ипотека""}"
lsr_oazis_76,ЛСР Оазис 1-комнатная,lsr,oazis,[],"{""price"": 7058578, ""rooms"": ""1-комнатная"", ""city"": ""Саки"", ""delivery"": ""2029"", ""area"": 83, ""sea-distance"": ""10 минут пешком"", ""type"": ""Апартаменты"", ""view"": ""На море боковой"", ""finishing"": ""Чистовая"", ""floor"": 5, ""payment"": ""Ипотека""}"
lsr_morskaya_zvezda_77,ЛСР Морская_Звезда 1-комнатная,lsr,morskaya_zvezda,[],"{""price"": 23848242, ""rooms"": ""1-комнатная"", ""city"": ""Бирдидонск"", ""delivery"": ""сдан"", ""area"": 134, ""sea-distance"": ""24 минут пешком"", ""type"": ""Апартаменты"", ""view"": ""На море прямой"", ""finishing"": ""Чистовая"", ""floor"": 18, ""payment"": ""Ипотека""}"
yuzhnyy_bereg_morskaya_zvezda_78,Южный_берег Морская_Звезда 4-комнатная,yuzhnyy_bereg,morskaya_zvezda,[],"{""price"": 13539958, ""rooms"": ""4-комнатная"", ""city"": ""Саки"", ""delivery"": ""2035"", ""area"": 115, ""sea-distance"": ""6 минут пешком"", ""type"": ""Квартира"", ""view"": ""На горы"", ""finishing"": ""Без отделки"", ""floor"": 8, ""payment"": ""Рассрочка""}"
golubaya_volna_gorizont_79,Голубая_Волна Горизонт 1-комнатная,golubaya_volna,gorizont,[],"{""price"": 15686834, ""rooms"": ""1-комнатная"", ""city"": ""Алушта"", ""delivery"": ""2025"", ""area"": 119, ""sea-distance"": ""5 минут пешком"", ""type"": ""Апартаменты"", ""view"": ""На горы"", ""finishing"": ""С мебелью и техникой"", ""floor"": 5, ""payment"": ""Наличные""}"
stroygrad_gorizont_80,Стройград Горизонт 3-комнатная,stroygrad,gorizont,[],"{""price"": 15827849, ""rooms"": ""3-комнатная"", ""city"": ""Алушта"", ""delivery"": ""2026"", ""area"": 159, ""sea-distance"": ""22 минут пешком"", ""type"": ""Квартира"", ""view"": ""На море боковой"", ""finishing"": ""С мебелью и техникой"", ""floor"": 13, ""payment"": ""Наличные""}"
yuzhnyy_bereg_oazis_81,Южный_берег Оазис 1-комнатная,yuzhnyy_bereg,oazis,[],"{""price"": 13916941, ""rooms"": ""1-комнатная"", ""city"": ""Саки"", ""delivery"": ""2033"", ""area"": 141, ""sea-distance"": ""29 минут пешком"", ""type"": ""Апартаменты"", ""view"": ""На море прямой"", ""finishing"": ""С мебелью и техникой"", ""floor"": 2, ""payment"": ""Ипотека""}"
krymskaya_rivera_solnechnyy_bereg_82,Крымская_ривьера Солнечный_Берег 3-комнатная,krymskaya_rivera,solnechnyy_bereg,[],"{""price"": 20199469, ""rooms"": ""3-комнатная"", ""city"": ""Бирдидонск"", ""delivery"": ""2031"", ""area"": 168, ""sea-distance"": ""11 минут пешком"", ""type"": ""Квартира"", ""view"": ""На горы"", ""finishing"": ""Чистовая"", ""floor"": 14, ""payment"": ""Ипотека""}"
yuzhnyy_bereg_oazis_83,Южный_берег Оазис 1-комнатная,yuzhnyy_bereg,oazis,[],"{""price"": 9441125, ""rooms"": ""1-комнатная"", ""city"": ""Саки"", ""delivery"": ""2025"", ""area"": 163, ""sea-distance"": ""26 минут пешком"", ""type"": ""Квартира"", ""view"": ""На море прямой"", ""finishing"": ""Чистовая"", ""floor"": 15, ""payment"": ""Наличные""}"
yuzhnyy_bereg_oazis_84,Южный_берег Оазис 1-комнатная,yuzhnyy_bereg,oazis,[],"{""price"": 16022289, ""rooms"": ""1-комнатная"", ""city"": ""Саки"", ""delivery"": ""сдан"", ""area"": 179, ""sea-distance"": ""27 минут пешком"", ""type"": ""Квартира"", ""view"": ""Во двор"", ""finishing"": ""Чистовая"", ""floor"": 10, ""payment"": ""Ипотека""}"
yuzhnyy_bereg_rayskiy_ugolok_85,Южный_берег Райский_Уголок 2-комнатная,yuzhnyy_bereg,rayskiy_ugolok,[],"{""price"": 20130055, ""rooms"": ""2-комнатная"", ""city"": ""Алушта"", ""delivery"": ""2031"", ""area"": 36, ""sea-distance"": ""9 минут пешком"", ""type"": ""Апартаменты"", ""view"": ""На море прямой"", ""finishing"": ""С мебелью и техникой"", ""floor"": 18, ""payment"": ""Наличные""}"
golubaya_volna_solnechnyy_bereg_86,Голубая_Волна Солнечный_Берег 1-комнатная,golubaya_volna,solnechnyy_bereg,[],"{""price"": 21817104, ""rooms"": ""1-комнатная"", ""city"": ""Алушта"", ""delivery"": ""2031"", ""area"": 84, ""sea-distance"": ""24 минут пешком"", ""type"": ""Квартира"", ""view"": ""На море прямой"", ""finishing"": ""С мебелью и техникой"", ""floor"": 5, ""payment"": ""Наличные""}"
stroygrad_morskaya_zvezda_87,Стройград Морская_Звезда 3-комнатная,stroygrad,morskaya_zvezda,[],"{""price"": 18314322, ""rooms"": ""3-комнатная"", ""city"": ""Бирдидонск"", ""delivery"": ""сдан"", ""area"": 34, ""sea-distance"": ""17 минут пешком"", ""type"": ""Апартаменты"", ""view"": ""На море прямой"", ""finishing"": ""Без отделки"", ""floor"": 13, ""payment"": ""Наличные""}"
stroygrad_solnechnyy_bereg_88,Стройград Солнечный_Берег 4-комнатная,stroygrad,solnechnyy_bereg,[],"{""price"": 24239385, ""rooms"": ""4-комнатная"", ""city"": ""Бирдидонск"", ""delivery"": ""2034"", ""area"": 75, ""sea-distance"": ""19 минут пешком"", ""type"": ""Квартира"", ""view"": ""На море прямой"", ""finishing"": ""С мебелью и техникой"", ""floor"": 13, ""payment"": ""Рассрочка""}"
yuzhnyy_bereg_oazis_89,Южный_берег Оазис 3-комнатная,yuzhnyy_bereg,oazis,[],"{""price"": 20481233, ""rooms"": ""3-комнатная"", ""city"": ""Саки"", ""delivery"": ""сдан"", ""area"": 25, ""sea-distance"": ""28 минут пешком"", ""type"": ""Апартаменты"", ""view"": ""На горы"", ""finishing"": ""Подчистовая"", ""floor"": 2, ""payment"": ""Ипотека""}"
yuzhnyy_bereg_gorizont_90,Южный_берег Горизонт 1-комнатная,yuzhnyy_bereg,gorizont,[],"{""price"": 20379801, ""rooms"": ""1-комнатная"", ""city"": ""Алушта"", ""delivery"": ""2029"", ""area"": 47, ""sea-distance"": ""23 минут пешком"", ""type"": ""Апартаменты"", ""view"": ""На море прямой"", ""finishing"": ""Чистовая"", ""floor"": 8, ""payment"": ""Рассрочка""}"
yuzhnyy_bereg_morskaya_zvezda_91,Южный_берег Морская_Звезда 4-комнатная,yuzhnyy_bereg,morskaya_zvezda,[],"{""price"": 21880566, ""rooms"": ""4-комнатная"", ""city"": ""Алушта"", ""delivery"": ""2033"", ""area"": 112, ""sea-distance"": ""15 минут пешком"", ""type"": ""Квартира"", ""view"": ""Во двор"", ""finishing"": ""Без отделки"", ""floor"": 11, ""payment"": ""Рассрочка""}"
stroygrad_rayskiy_ugolok_92,Стройград Райский_Уголок 4-комнатная,stroygrad,rayskiy_ugolok,[],"{""price"": 8932842, ""rooms"": ""4-комнатная"", ""city"": ""Алушта"", ""delivery"": ""2028"", ""area"": 87, ""sea-distance"": ""24 минут пешком"", ""type"": ""Апартаменты"", ""view"": ""На горы"", ""finishing"": ""Без отделки"", ""floor"": 12, ""payment"": ""Наличные""}"
yuzhnyy_bereg_rayskiy_ugolok_93,Южный_берег Райский_Уголок 3-комнатная,yuzhnyy_bereg,rayskiy_ugolok,[],"{""price"": 24644323, ""rooms"": ""3-комнатная"", ""city"": ""Бирдидонск"", ""delivery"": ""2029"", ""area"": 89, ""sea-distance"": ""23 минут пешком"", ""type"": ""Апартаменты"", ""view"": ""На море боковой"", ""finishing"": ""С мебелью и техникой"", ""floor"": 8, ""payment"": ""Наличные""}"
krymskaya_rivera_rayskiy_ugolok_94,Крымская_ривьера Райский_Уголок 2-комнатная,krymskaya_rivera,rayskiy_ugolok,[],"{""price"": 9180607, ""rooms"": ""2-комнатная"", ""city"": ""Ялта"", ""delivery"": ""2034"", ""area"": 77, ""sea-distance"": ""7 минут пешком"", ""type"": ""Апартаменты"", ""view"": ""На горы"", ""finishing"": ""Чистовая"", ""floor"": 11, ""payment"": ""Ипотека""}"
krymskaya_rivera_oazis_95,Крымская_ривьера Оазис 2-комнатная,krymskaya_rivera,oazis,[],"{""price"": 22127936, ""rooms"": ""2-комнатная"", ""city"": ""Алушта"", ""delivery"": ""2028"", ""area"": 118, ""sea-distance"": ""13 минут пешком"", ""type"": ""Квартира"", ""view"": ""На море прямой"", ""finishing"": ""Подчистовая"", ""floor"": 18, ""payment"": ""Наличные""}"
yuzhnyy_bereg_rayskiy_ugolok_96,Южный_берег Райский_Уголок 3-комнатная,yuzhnyy_bereg,rayskiy_ugolok,[],"{""price"": 21312939, ""rooms"": ""3-комнатная"", ""city"": ""Алушта"", ""delivery"": ""2033"", ""area"": 115, ""sea-distance"": ""16 минут пешком"", ""type"": ""Квартира"", ""view"": ""На горы"", ""finishing"": ""Чистовая"", ""floor"": 10, ""payment"": ""Наличные""}"
golubaya_volna_oazis_97,Голубая_Волна Оазис 2-комнатная,golubaya_volna,oazis,[],"{""price"": 8626386, ""rooms"": ""2-комнатная"", ""city"": ""Бирдидонск"", ""delivery"": ""2029"", ""area"": 68, ""sea-distance"": ""23 минут пешком"", ""type"": ""Апартаменты"", ""view"": ""На море боковой"", ""finishing"": ""С мебелью и техникой"", ""floor"": 11, ""payment"": ""Наличные""}"
lsr_morskaya_zvezda_98,ЛСР Морская_Звезда 2-комнатная,lsr,morskaya_zvezda,[],"{""price"": 4099946, ""rooms"": ""2-комнатная"", ""city"": ""Алушта"", ""delivery"": ""2025"", ""area"": 52, ""sea-distance"": ""21 минут пешком"", ""type"": ""Апартаменты"", ""view"": ""На море прямой"", ""finishing"": ""С мебелью и техникой"", ""floor"": 1, ""payment"": ""Ипотека""}"
krymskaya_rivera_rayskiy_ugolok_99,Крымская_ривьера Райский_Уголок 4-комнатная,krymskaya_rivera,rayskiy_ugolok,[],"{""price"": 19791958, ""rooms"": ""4-комнатная"", ""city"": ""Бирдидонск"", ""delivery"": ""2029"", ""area"": 26, ""sea-distance"": ""13 минут пешком"", ""type"": ""Квартира"", ""view"": ""Во двор"", ""finishing"": ""С мебелью и техникой"", ""floor"": 11, ""payment"": ""Наличные""}"
golubaya_volna_morskaya_zvezda_100,Голубая_Волна Морская_Звезда 1-комнатная,golubaya_volna,morskaya_zvezda,[],"{""price"": 24215698, ""rooms"": ""1-комнатная"", ""city"": ""Саки"", ""delivery"": ""2032"", ""area"": 73, ""sea-distance"": ""11 минут пешком"", ""type"": ""Апартаменты"", ""view"": ""На море прямой"", ""finishing"": ""Подчистовая"", ""floor"": 11, ""payment"": ""Ипотека""}"
